File name,annotation
alex_foster1.jpg,0 
alex_foster2.jpg,0 
alex_foster3.jpg,0 
alex_foster4.jpg,0 
alex_foster5.jpg,0 
alex_foster6.jpg,0 
alex_foster7.jpg,0 
alex_foster8.jpg,0 
alex_foster9.jpg,0 
alex_foster10.jpg,0 
alex_foster11.jpg,0 
alex_foster12.jpg,0 
alex_foster13.jpg,0 
andy_wieseman1.jpg,1
andy_wieseman2.jpg,1
andy_wieseman3.jpg,1
andy_wieseman4.jpg,1
andy_wieseman5.jpg,1
andy_wieseman6.jpg,1
andy_wieseman7.jpg,1
andy_wieseman8.jpg,1
andy_wieseman9.jpg,1
andy_wieseman10.jpg,1
andy_wieseman11.jpg,1
andy_wieseman12.jpg,1
andy_wieseman13.jpg,1
bradley_dawson1.jpg,2
bradley_dawson2.jpg,2
bradley_dawson3.jpg,2
bradley_dawson4.jpg,2
bradley_dawson5.jpg,2
bradley_dawson6.jpg,2
bradley_dawson7.jpg,2
bradley_dawson8.jpg,2
bradley_dawson9.jpg,2
bradley_dawson10.jpg,2
bradley_dawson11.jpg,2
bradley_dawson12.jpg,2
bradley_dawson13.jpg,2
Brison_Wimberley1.jpg,3
Brison_Wimberley2.jpg,3
Brison_Wimberley3.jpg,3
Brison_Wimberley4.jpg,3
Brison_Wimberley5.jpg,3
Brison_Wimberley6.jpg,3
Brison_Wimberley7.jpg,3
Brison_Wimberley8.jpg,3
Brison_Wimberley9.jpg,3
Brison_Wimberley10.jpg,3
Brison_Wimberley11.jpg,3
Brison_Wimberley12.jpg,3
Brison_Wimberley13.jpg,3
Chris_Edge1.jpg,4
Chris_Edge2.jpg,4
Chris_Edge3.jpg,4
Chris_Edge4.jpg,4
Chris_Edge5.jpg,4
Chris_Edge6.jpg,4
Chris_Edge7.jpg,4
Chris_Edge8.jpg,4
Chris_Edge9.jpg,4
Chris_Edge10.jpg,4
Chris_Edge11.jpg,4
Chris_Edge12.jpg,4
Chris_Edge13.jpg,4
drew_south1.jpg,5
drew_south2.jpg,5
drew_south3.jpg,5
drew_south4.jpg,5
drew_south5.jpg,5
drew_south6.jpg,5
drew_south7.jpg,5
drew_south8.jpg,5
drew_south9.jpg,5
drew_south10.jpg,5
drew_south11.jpg,5
drew_south12.jpg,5
drew_south13.jpg,5
ella_ackerman1.jpg,6
ella_ackerman2.jpg,6
ella_ackerman3.jpg,6
ella_ackerman4.jpg,6
ella_ackerman5.jpg,6
ella_ackerman6.jpg,6
ella_ackerman7.jpg,6
ella_ackerman8.jpg,6
ella_ackerman9.jpg,6
ella_ackerman10.jpg,6
ella_ackerman11.jpg,6
ella_ackerman12.jpg,6
ella_ackerman13.jpg,6
garret_putz1.jpg,7
garret_putz2.jpg,7
garret_putz3.jpg,7
garret_putz4.jpg,7
garret_putz5.jpg,7
garret_putz6.jpg,7
garret_putz7.jpg,7
garret_putz8.jpg,7
garret_putz9.jpg,7
garret_putz10.jpg,7
garret_putz11.jpg,7
garret_putz12.jpg,7
garret_putz13.jpg,7
Jacob_Nash1.jpg,8
Jacob_Nash2.jpg,8
Jacob_Nash3.jpg,8
Jacob_Nash4.jpg,8
Jacob_Nash5.jpg,8
Jacob_Nash6.jpg,8
Jacob_Nash7.jpg,8
Jacob_Nash8.jpg,8
Jacob_Nash9.jpg,8
Jacob_Nash10.jpg,8
Jacob_Nash11.jpg,8
Jacob_Nash12.jpg,8
Jacob_Nash13.jpg,8
joe_peca1.jpg,9
joe_peca2.jpg,9
joe_peca3.jpg,9
joe_peca4.jpg,9
joe_peca5.jpg,9
joe_peca6.jpg,9
joe_peca7.jpg,9
joe_peca8.jpg,9
joe_peca9.jpg,9
joe_peca10.jpg,9
joe_peca11.jpg,9
joe_peca12.jpg,9
joe_peca13.jpg,9
John_Orberson1.jpg,10
John_Orberson2.jpg,10
John_Orberson3.jpg,10
John_Orberson4.jpg,10
John_Orberson5.jpg,10
John_Orberson6.jpg,10
John_Orberson7.jpg,10
John_Orberson8.jpg,10
John_Orberson9.jpg,10
John_Orberson10.jpg,10
John_Orberson11.jpg,10
John_Orberson12.jpg,10
John_Orberson13.jpg,10
Jordan_Macfarlane1.jpg,11
Jordan_Macfarlane2.jpg,11
Jordan_Macfarlane3.jpg,11
Jordan_Macfarlane4.jpg,11
Jordan_Macfarlane5.jpg,11
Jordan_Macfarlane6.jpg,11
Jordan_Macfarlane7.jpg,11
Jordan_Macfarlane8.jpg,11
Jordan_Macfarlane9.jpg,11
Jordan_Macfarlane10.jpg,11
Jordan_Macfarlane11.jpg,11
Jordan_Macfarlane12.jpg,11
Jordan_Macfarlane13.jpg,11
Josiah_Blakeman1.jpg,12
Josiah_Blakeman2.jpg,12
Josiah_Blakeman3.jpg,12
Josiah_Blakeman4.jpg,12
Josiah_Blakeman5.jpg,12
Josiah_Blakeman6.jpg,12
Josiah_Blakeman7.jpg,12
Josiah_Blakeman8.jpg,12
Josiah_Blakeman9.jpg,12
Josiah_Blakeman10.jpg,12
Josiah_Blakeman11.jpg,12
Josiah_Blakeman12.jpg,12
Josiah_Blakeman13.jpg,12
Madi_Goodman1.jpg,13
Madi_Goodman2.jpg,13
Madi_Goodman3.jpg,13
Madi_Goodman4.jpg,13
Madi_Goodman5.jpg,13
Madi_Goodman6.jpg,13
Madi_Goodman7.jpg,13
Madi_Goodman8.jpg,13
Madi_Goodman9.jpg,13
Madi_Goodman10.jpg,13
Madi_Goodman11.jpg,13
Madi_Goodman12.jpg,13
Madi_Goodman13.jpg,13
Matthew_Penfield1.jpg,14
Matthew_Penfield2.jpg,14
Matthew_Penfield3.jpg,14
Matthew_Penfield4.jpg,14
Matthew_Penfield5.jpg,14
Matthew_Penfield6.jpg,14
Matthew_Penfield7.jpg,14
Matthew_Penfield8.jpg,14
Matthew_Penfield9.jpg,14
Matthew_Penfield10.jpg,14
Matthew_Penfield11.jpg,14
Matthew_Penfield12.jpg,14
Matthew_Penfield13.jpg,14
PB_Mamolo1.jpg,15
PB_Mamolo2.jpg,15
PB_Mamolo3.jpg,15
PB_Mamolo4.jpg,15
PB_Mamolo5.jpg,15
PB_Mamolo6.jpg,15
PB_Mamolo7.jpg,15
PB_Mamolo8.jpg,15
PB_Mamolo9.jpg,15
PB_Mamolo10.jpg,15
PB_Mamolo11.jpg,15
PB_Mamolo12.jpg,15
PB_Mamolo13.jpg,15
Seth_Thomas1.jpg,16
Seth_Thomas2.jpg,16
Seth_Thomas3.jpg,16
Seth_Thomas4.jpg,16
Seth_Thomas5.jpg,16
Seth_Thomas6.jpg,16
Seth_Thomas7.jpg,16
Seth_Thomas8.jpg,16
Seth_Thomas9.jpg,16
Seth_Thomas10.jpg,16
Seth_Thomas11.jpg,16
Tanner_Wilkerson1.jpg,17
Tanner_Wilkerson2.jpg,17
Tanner_Wilkerson3.jpg,17
Tanner_Wilkerson4.jpg,17
Tanner_Wilkerson5.jpg,17
Tanner_Wilkerson6.jpg,17
Tanner_Wilkerson7.jpg,17
Tanner_Wilkerson8.jpg,17
Tanner_Wilkerson9.jpg,17
Tanner_Wilkerson10.jpg,17
Tanner_Wilkerson11.jpg,17
Tanner_Wilkerson12.jpg,17
Tanner_Wilkerson13.jpg,17
tommy_waldrop1.jpg,18
tommy_waldrop2.jpg,18
tommy_waldrop3.jpg,18
tommy_waldrop4.jpg,18
tommy_waldrop5.jpg,18
tommy_waldrop6.jpg,18
tommy_waldrop7.jpg,18
tommy_waldrop8.jpg,18
tommy_waldrop9.jpg,18
tommy_waldrop10.jpg,18
tommy_waldrop11.jpg,18
tommy_waldrop12.jpg,18
tommy_waldrop13.jpg,18
travis_freville1.jpg,19
travis_freville2.jpg,19
travis_freville3.jpg,19
travis_freville4.jpg,19
travis_freville5.jpg,19
travis_freville6.jpg,19
travis_freville7.jpg,19
travis_freville8.jpg,19
travis_freville9.jpg,19
travis_freville10.jpg,19
travis_freville11.jpg,19
travis_freville12.jpg,19
travis_freville13.jpg,19
trevor_golnick1.jpg,20
trevor_golnick2.jpg,20
trevor_golnick3.jpg,20
trevor_golnick4.jpg,20
trevor_golnick5.jpg,20
trevor_golnick6.jpg,20
trevor_golnick7.jpg,20
trevor_golnick8.jpg,20
trevor_golnick9.jpg,20
trevor_golnick10.jpg,20
trevor_golnick11.jpg,20
trevor_golnick12.jpg,20
trevor_golnick13.jpg,20
